"file","estimate","estimate.lCI","estimate.uCI","estimate.con","estimate.con.lCI","estimate.con.uCI","heterogeneity","heterogeneity.lCI","heterogeneity.uCI","heterogeneity.con","heterogeneity.con.lCI","heterogeneity.con.uCI","estimate.BF","heterogeneity.BF","bias.BF","estimate.con.se"
"1",-0.0197702163013245,-0.162166707684641,0,-0.0197702163013245,-0.162166707684641,0,0.614840369073813,0.522807158787708,0.720438734682041,0.614840369073813,0.522807158787708,0.720438734682041,0.273422894002599,Inf,0.0344817213022497,0.0413698182629353
"10",0.00196885569563496,-0.0615824781597527,0.103877199095776,0.00196885569563496,-0.0615824781597527,0.103877199095776,0.204630908380569,0.0989902341708422,0.406574002663084,0.204630908380569,0.0989902341708422,0.406574002663084,0.141228367665641,63917167.8395774,0.494186008711092,0.0422098769570905
"100",0.163980547562254,0,0.442684252786103,0.163980547562254,0,0.442684252786103,0.186533007098386,0,0.493907555093047,0.186533007098386,0,0.493907555093047,1.80932497363016,8.48230502932645,1.4189708901254,0.112931731470053
"101",-0.0489378737315191,-0.443282845674983,0.0674948499076186,-0.0489378737315191,-0.443282845674983,0.0674948499076186,0.464676426134387,0.250638747674322,0.824764421498455,0.464676426134387,0.250638747674322,0.824764421498455,0.381301736147647,66153525482935738378,0.347520720909814,0.130302826891604
"102",0.0834126735043328,-0.00747488667471885,0.355914294046439,0.0834126735043328,-0.00747488667471885,0.355914294046439,0.232786246508104,0.0986966428169614,0.476520909990509,0.232786246508104,0.0986966428169614,0.476520909990509,0.804850700430958,9757.55026312401,0.909316478750777,0.09270302505238
"103",-0.413732795741013,-0.861504976110788,0,-0.413732795741013,-0.861504976110788,0,0.596959390646418,0.343519917675656,1.03902293690817,0.596959390646418,0.343519917675656,1.03902293690817,5.72698497193654,5188607534508747,0.346466533252647,0.219775716009638
"104",-0.593920809738446,-1.09962242942746,0,-0.593920809738446,-1.09962242942746,0,0.572562573872484,0.268112779103508,1.19398211517397,0.572562573872484,0.268112779103508,1.19398211517397,9.93226485848425,71141307704205936,0.505104560935462,0.280521080515035
"105",-0.254333629617285,-0.54449003831082,0,-0.254333629617285,-0.54449003831082,0,0.326368654795664,0.200657174047308,0.529669764843018,0.326368654795664,0.200657174047308,0.529669764843018,6.11600905554978,63764204992675488,0.511712777224628,0.1389030723538
"106",0.181832780708097,0,0.416016198657394,0.181832780708097,0,0.416016198657394,0.717860382153951,0.616329271322272,0.841272576214264,0.717860382153951,0.616329271322272,0.841272576214264,2.12424396298329,Inf,1.18809659015665,0.106128531426821
"107",-0.274119051833691,-0.410403168644018,-0.132603417151526,-0.274119051833691,-0.410403168644018,-0.132603417151526,0.644605431603698,0.550895508819927,0.755112690858626,0.644605431603698,0.550895508819927,0.755112690858626,188.056516764932,Inf,0.103375084920743,0.0708685857708971
"108",0.0839119133840013,-0.0328016296025971,0.403408244116048,0.0839119133840013,-0.0328016296025971,0.403408244116048,0.423827628129786,0.275277621834877,0.65453184494992,0.423827628129786,0.275277621834877,0.65453184494992,0.705387051490633,4.43616846880164e+63,1.93141090412101,0.111280073807328
"109",0.0175023284282233,0,0.177972483404703,0.0175023284282233,0,0.177972483404703,0.253547496503724,0.164119143774032,0.389738859297714,0.253547496503724,0.164119143774032,0.389738859297714,0.237116002699339,2.25058741126861e+23,1.30624386389044,0.0454019779976897
"11",0.0883626811536443,-0.203006291838743,0.613001506727964,0.0883626811536443,-0.203006291838743,0.613001506727964,0.623419907272856,0.357856128203845,1.12415546821879,0.623419907272856,0.357856128203845,1.12415546821879,0.627856251074139,Inf,0.657194385726229,0.208169079892098
"110",0.0912082102747912,0,0.241906642442247,0.0912082102747912,0,0.241906642442247,0.338562712805705,0.272546339708661,0.422411574054366,0.338562712805705,0.272546339708661,0.422411574054366,1.56305119521574,8.13930300687195e+245,0.883839879830241,0.0617120121467477
"111",0.000462524370250653,0,0.00339977630438467,0.000462524370250653,0,0.00339977630438467,0.277391380623134,0.254193155893,0.302559827592051,0.277391380623134,0.254193155893,0.302559827592051,0.0360631907063075,Inf,0.184375457480495,0.000867305810515313
"112",-0.431770116406113,-1.25526020717467,0.0639137440144141,-0.431770116406113,-1.25526020717467,0.0639137440144141,0.998413558524486,0.502935078125078,1.99744201367324,0.998413558524486,0.502935078125078,1.99744201367324,2.37100541373748,3.87061087841732e+22,0.533932277717761,0.336530150960569
"113",-0.0965237572770889,-1.10374331544118,0.711490032945651,-0.0965237572770889,-1.10374331544118,0.711490032945651,1.95929842581709,1.01729150502157,3.8549293343537,1.95929842581709,1.01729150502157,3.8549293343537,0.823802693465119,1.37852730113112e+38,0.340903925508354,0.46307824090268
"114",0.0437640903832437,-0.721920986977099,0.928779777474055,0.0437640903832437,-0.721920986977099,0.928779777474055,1.80807166459746,1.01052252930781,3.37708491062672,1.80807166459746,1.01052252930781,3.37708491062672,0.720449606099669,1.77488404844929e+63,0.380190599323914,0.421104871689396
"115",-0.444888154409492,-1.39714419167905,0.164139146265675,-0.444888154409492,-1.39714419167905,0.164139146265675,0.934933061243739,0.245349885545477,2.05897784489667,0.934933061243739,0.245349885545477,2.05897784489667,2.20372421841056,133.086108343279,0.411558403845828,0.398293884545821
"12",0.0178783906530217,-0.0865291602861078,0.272821888164265,0.0178783906530217,-0.0865291602861078,0.272821888164265,0.302239891940996,0.134857040069651,0.633753473917344,0.302239891940996,0.134857040069651,0.633753473917344,0.253421104903795,180549623143116,0.567535404911175,0.0916728703396818
"13",-0.0570962515694232,-0.538241215720453,0.102913556528223,-0.0570962515694232,-0.538241215720453,0.102913556528223,0.397178506649162,0.0647443146803853,1.08642484334834,0.397178506649162,0.0647443146803853,1.08642484334834,0.425832428812606,91.5814191152835,0.26862944012578,0.163562896386368
"14",0.100555709297898,-0.404005987923048,0.851476252661032,0.100555709297898,-0.404005987923048,0.851476252661032,0.85429401481801,0.382386791830593,1.95456957478041,0.85429401481801,0.382386791830593,1.95456957478041,0.701728799462354,1.60182758458314e+42,0.531456203560928,0.320281967037957
"15",-0.0818189324249334,-0.759307033845081,0.309146870975542,-0.0818189324249334,-0.759307033845081,0.309146870975542,0.661590090214974,0.229686333818521,1.64676601635815,0.661590090214974,0.229686333818521,1.64676601635815,0.584112081377586,22208.2359777823,0.318240018967938,0.272569780171588
"16",-0.0919690686971012,-0.830334768949073,0.394227613767257,-0.0919690686971012,-0.830334768949073,0.394227613767257,1.22505793375369,0.74496525926284,2.08552914376476,1.22505793375369,0.74496525926284,2.08552914376476,0.64123725307539,1.21823990405168e+59,0.257358868777004,0.312394103252795
"17",0.0858348122943624,-0.797805523267649,1.13350396239419,0.0858348122943624,-0.797805523267649,1.13350396239419,2.87173510604894,1.71666847189452,5.02117894957835,2.87173510604894,1.71666847189452,5.02117894957835,0.868923408152129,Inf,0.347109045629916,0.492690044535452
"18",0.767582106688507,-0.185645855641255,1.78946515165965,0.767582106688507,-0.185645855641255,1.78946515165965,0.452651210209408,0,2.11398830323182,0.452651210209408,0,2.11398830323182,4.1360005242502,2.40254220414485,0.539282652593648,0.503864107422466
"19",-0.0105338099036735,-0.750715084507711,0.721283304121219,-0.0105338099036735,-0.750715084507711,0.721283304121219,0.72189282770056,0,3.33172056797002,0.72189282770056,0,3.33172056797002,0.607997263757023,2.6240185734487,0.627285928898565,0.375516693224943
"2",-0.0173168395925969,-0.394446767608122,0.233655515789361,-0.0173168395925969,-0.394446767608122,0.233655515789361,0.786134770781346,0.621635561188596,0.992553532360933,0.786134770781346,0.621635561188596,0.992553532360933,0.320897947173772,Inf,3068.3191798521,0.160233118657249
"20",0.039368343402218,-0.0253965089624929,0.325437831302311,0.039368343402218,-0.0253965089624929,0.325437831302311,0.551981476229029,0.387110768555422,0.785632487113227,0.551981476229029,0.387110768555422,0.785632487113227,0.348706239082053,1.61527576588539e+85,0.164567491558302,0.0895002007771929
"21",-0.0904212617553757,-0.159812630374605,0,-0.0904212617553757,-0.159812630374605,0,0.401333606375155,0.36140620494908,0.445163249490924,0.401333606375155,0.36140620494908,0.445163249490924,11.7835748555216,Inf,0.086941137756919,0.0407692773018245
"22",0.00613566668866981,-0.0271005867375247,0.128913477322191,0.00613566668866981,-0.0271005867375247,0.128913477322191,0.538786639670134,0.465190772809933,0.625072967556389,0.538786639670134,0.465190772809933,0.625072967556389,0.134753185309968,Inf,88.1859908170513,0.0398002374763859
"23",-0.17062964096331,-0.223286973608597,-0.120668095517791,-0.17062964096331,-0.223286973608597,-0.120668095517791,0.353674108592636,0.31455727417014,0.395721584416848,0.353674108592636,0.31455727417014,0.395721584416848,32644830.2008082,Inf,0.0354734855203423,0.0261787662682201
"24",-0.296613952689174,-0.600288571048601,0,-0.296613952689174,-0.600288571048601,0,0.306220767166731,0.128911542488242,0.632274536507686,0.306220767166731,0.128911542488242,0.632274536507686,7.68420212322577,3122.56886765021,0.255227293795091,0.153137653493534
"25",-0.0210677038229145,-0.106731574223939,0,-0.0210677038229145,-0.106731574223939,0,0.24763699970642,0.209011198443075,0.294543133438155,0.24763699970642,0.209011198443075,0.294543133438155,0.490838129850879,Inf,0.0394344107729439,0.0272279427239031
"26",-0.0207576397886735,-0.215719745203975,0.00130855446116994,-0.0207576397886735,-0.215719745203975,0.00130855446116994,0.546072986562098,0.427389860012884,0.701781840344571,0.546072986562098,0.427389860012884,0.701781840344571,0.238664977881563,4.62762291381152e+233,0.124594700754136,0.0553653795113167
"27",0.0766323616479567,0,0.17568847197669,0.0766323616479567,0,0.17568847197669,0.276293135693919,0.235213376106783,0.324200372203535,0.276293135693919,0.235213376106783,0.324200372203535,1.6698959129141,Inf,0.792210821573927,0.0448193113145187
"28",-0.0105355352037146,-0.0843321483460343,0,-0.0105355352037146,-0.0843321483460343,0,0.214150584721459,0.173636470081611,0.262024542859963,0.214150584721459,0.173636470081611,0.262024542859963,0.247852427173399,1.50835536575728e+107,0.0577152025683302,0.0215136984687565
"29",-0.00445780006451717,-0.075574765530362,0,-0.00445780006451717,-0.075574765530362,0,0.0392406968672362,0,0.150745486062926,0.0392406968672362,0,0.150745486062926,0.106351259576112,0.838690943877521,0.126665331007847,0.0192796311887581
"3",0.00534181148624513,-0.0572720619019417,0.129370191129039,0.00534181148624513,-0.0572720619019417,0.129370191129039,0.412605109175092,0.292081485571211,0.558505362598523,0.412605109175092,0.292081485571211,0.558505362598523,0.148278980294186,68430426328203.5,574.025093230864,0.0476136945635713
"30",0.0814811005790315,-0.121429173989427,0.499602620954672,0.0814811005790315,-0.121429173989427,0.499602620954672,0.406127626542357,0.221439255174262,0.707056476711152,0.406127626542357,0.221439255174262,0.707056476711152,0.594903948848236,72090603994111.3,4.80911262354563,0.158429389479276
"31",-1.02751395315149,-1.40521202069031,-0.554862649076674,-1.02751395315149,-1.40521202069031,-0.554862649076674,0.630453098227767,0.496798084658819,0.800619235356456,0.630453098227767,0.496798084658819,0.800619235356456,5004.50742024048,1.323930109834e+183,48.1860766145963,0.21692984624235
"32",-0.580361006838043,-0.856414507114396,-0.310469848889109,-0.580361006838043,-0.856414507114396,-0.310469848889109,0.459445118008063,0.271328091149197,0.733874487344876,0.459445118008063,0.271328091149197,0.733874487344876,431.327651807364,9622043.38048046,0.556360187223534,0.139274155681336
"33",-0.0637125142702832,-0.386443189564785,0.00182435654581919,-0.0637125142702832,-0.386443189564785,0.00182435654581919,0.962037318737988,0.781933392195841,1.18285563995546,0.962037318737988,0.781933392195841,1.18285563995546,0.495786083860698,Inf,0.0985751129400457,0.099049663456372
"34",-0.268409850620348,-0.398259681058923,-0.144278839420681,-0.268409850620348,-0.398259681058923,-0.144278839420681,0.436899928432738,0.351840970222409,0.540445636166948,0.436899928432738,0.351840970222409,0.540445636166948,360.425240917685,Inf,0.120478956213564,0.0647922216024404
"35",-0.00717905563611183,-0.0883450492992705,0,-0.00717905563611183,-0.0883450492992705,0,0.128627884427783,0.0752220905536234,0.21035234562396,0.128627884427783,0.0752220905536234,0.21035234562396,0.1500847517758,420937460.239722,0.1464450001427,0.0225374165025799
"36",-0.00492237023393202,-0.0746318338006721,0,-0.00492237023393202,-0.0746318338006721,0,0.11796459983945,0.0536027889159315,0.217687301950027,0.11796459983945,0.0536027889159315,0.217687301950027,0.115298547522216,488235.073465671,0.18602142768045,0.0190390829600336
"37",-0.171594001450098,-0.440757961461907,0,-0.171594001450098,-0.440757961461907,0,0.470480182283251,0.334323208159015,0.6637792289808,0.470480182283251,0.334323208159015,0.6637792289808,2.32296216901184,1.10689107389386e+75,0.168927865557846,0.112440321592271
"38",0.0242764244374446,-0.0368977123854841,0.268099709825534,0.0242764244374446,-0.0368977123854841,0.268099709825534,0.655531556066869,0.490532061218872,0.875054286206483,0.655531556066869,0.490532061218872,0.875054286206483,0.265514905053119,Inf,0.363722789228416,0.0778068945696959
"39",-0.132524507009183,-0.256438096506582,0,-0.132524507009183,-0.256438096506582,0,0.567934414557786,0.493403804357478,0.654614840362413,0.567934414557786,0.493403804357478,0.654614840362413,5.78347388775317,Inf,0.0267142440525017,0.0654190838529007
"4",-0.217470481354621,-1.06097704672883,0.238277517676136,-0.217470481354621,-1.06097704672883,0.238277517676136,1.20692508766076,0.703037321121541,2.11496850731761,1.20692508766076,0.703037321121541,2.11496850731761,1.02858928123748,1.02833476094563e+59,0.23544552277397,0.331448581365098
"40",-0.0444783540158585,-0.307700644936642,0,-0.0444783540158585,-0.307700644936642,0,0.791630230278735,0.705159934246946,0.89459282864453,0.791630230278735,0.705159934246946,0.89459282864453,0.387598419374843,2.38353095092012e+113,11435403135490.8,0.0784965048755347
"41",0.00361734522745286,-0.358478447451504,0.451731248190009,0.00361734522745286,-0.358478447451504,0.451731248190009,0.865050713798575,0.67581999530906,1.08029607931316,0.865050713798575,0.67581999530906,1.08029607931316,0.371517501772782,2.52170128002266e+22,20.9064542661811,0.206689944823564
"42",-0.00816967195502558,-0.300317230964612,0.210139328399455,-0.00816967195502558,-0.300317230964612,0.210139328399455,1.15958104036157,0.907447703962022,1.48457556056222,1.15958104036157,0.907447703962022,1.48457556056222,0.277029817176333,Inf,0.467603720261642,0.130220902881503
"43",0.0387246279585392,-0.0271652415597775,0.234664460260582,0.0387246279585392,-0.0271652415597775,0.234664460260582,0.222358482764027,0.133062146514657,0.353560611680007,0.222358482764027,0.133062146514657,0.353560611680007,0.469086120824054,18469422381017352,4.46725498489266,0.0667945186456584
"44",0.0613388977446617,0,0.285469633184532,0.0613388977446617,0,0.285469633184532,0.289511556890586,0.176084138980753,0.460050334066533,0.289511556890586,0.176084138980753,0.460050334066533,0.662361005761349,1.82418544352877e+170,0.723342161783383,0.0728252241970465
"45",0.00363945295548151,-0.43861189816639,0.47520298717543,0.00363945295548151,-0.43861189816639,0.47520298717543,0.373700798550319,0.0961421017108444,1.16646765039669,0.373700798550319,0.0961421017108444,1.16646765039669,0.4038434125523,1181.58972126101,0.656551460848529,0.233120325819728
"46",-0.0202028881130427,-0.217984376488313,0,-0.0202028881130427,-0.217984376488313,0,0.292097206594539,0.153184061233336,0.490888483931225,0.292097206594539,0.153184061233336,0.490888483931225,0.225760639438489,758296.701579442,0.330252670862388,0.0556092811418338
"47",-0.0185648715949663,-0.265726795435245,0.0821924924917984,-0.0185648715949663,-0.265726795435245,0.0821924924917984,0.82493281234761,0.631157588938906,1.10050667647837,0.82493281234761,0.631157588938906,1.10050667647837,0.245679078152608,Inf,0.110211041346584,0.0887565513120104
"48",-0.0014830496223878,-0.0783636954552105,0.0463799253908853,-0.0014830496223878,-0.0783636954552105,0.0463799253908853,0.551451592560244,0.504366490067798,0.601959339434259,0.551451592560244,0.504366490067798,0.601959339434259,0.124243627815541,Inf,51.0979521818388,0.0318229370105924
"49",-0.294847258988234,-0.464804412080167,-0.129010234675214,-0.294847258988234,-0.464804412080167,-0.129010234675214,0.23645743539379,0.0948254170554252,0.413999767698485,0.23645743539379,0.0948254170554252,0.413999767698485,145.546444246786,276.603830577029,0.347886724603152,0.0856633540344758
"5",0.00904721006318493,-0.0679087660079277,0.176356753330062,0.00904721006318493,-0.0679087660079277,0.176356753330062,0.626106782928107,0.517742820622323,0.754794415663058,0.626106782928107,0.517742820622323,0.754794415663058,0.184031890822616,Inf,245.97019431558,0.0623137775144657
"50",-0.0172757347126146,-0.0758715734324931,0,-0.0172757347126146,-0.0758715734324931,0,0.0638291810101752,0.0344890665891756,0.113033624771066,0.0638291810101752,0.0344890665891756,0.113033624771066,0.589153926016545,1.906067475248e+222,0.315787838699983,0.0193553488816525
"51",-0.0196162460282009,-0.70401340980633,0.354479343038839,-0.0196162460282009,-0.70401340980633,0.354479343038839,0.49447148999904,0.309087065754746,0.745555134198265,0.49447148999904,0.309087065754746,0.745555134198265,0.5145651860045,3.5556104589227e+303,1972.81659285198,0.270028623279413
"52",-0.540039093031465,-1.31256070400463,0.016201137998333,-0.540039093031465,-1.31256070400463,0.016201137998333,0.663443765066224,0,1.82147089938551,0.663443765066224,0,1.82147089938551,4.07943390952628,31.2392608229541,0.423007844308901,0.338976086418951
"53",0.0729572322452792,-0.325592947418935,0.63250272922922,0.0729572322452792,-0.325592947418935,0.63250272922922,0.068544419504508,0,0.414284484581685,0.068544419504508,0,0.414284484581685,0.599031768518469,0.745009548751315,2.10087779697631,0.244416653623611
"54",-0.346755238932341,-0.609753972180636,0,-0.346755238932341,-0.609753972180636,0,0.20853862261368,0,0.564929381159832,0.20853862261368,0,0.564929381159832,10.9172868702689,11.7296548020795,0.516648509331061,0.155552341009911
"55",0.188995427036938,0,0.314804124990498,0.188995427036938,0,0.314804124990498,0.16637197651894,0.0892420015494234,0.316861991619934,0.16637197651894,0.0892420015494234,0.316861991619934,4.22997970999041,3.90582523573637e+51,1.31069662122812,0.0803086504327715
"56",-0.479596507711338,-0.669047364868275,-0.307431898885826,-0.479596507711338,-0.669047364868275,-0.307431898885826,0.378011932544736,0.24716920893395,0.560666840506496,0.378011932544736,0.24716920893395,0.560666840506496,5041.74469055439,23122369679502155776,0.18923912119834,0.0922505384881625
"57",0.347798506811569,-0.249695590434937,0.941298571153463,0.347798506811569,-0.249695590434937,0.941298571153463,0.6724607563185,0.316504885635204,1.22668529789779,0.6724607563185,0.316504885635204,1.22668529789779,2.39122587474645,2.45648921324641e+23,15.0458241478182,0.303830624180549
"58",0.0661215274128849,0,0.28220883071271,0.0661215274128849,0,0.28220883071271,0.177330422419549,0.0699367642316979,0.345118885223964,0.177330422419549,0.0699367642316979,0.345118885223964,0.708288474905159,527.588398509802,10.0074274410955,0.0719933715462981
"59",-0.0116873633432519,-0.171197502849052,0.0183406755284904,-0.0116873633432519,-0.171197502849052,0.0183406755284904,0.319145421584573,0.210922741974909,0.486700564312619,0.319145421584573,0.210922741974909,0.486700564312619,0.182677922526364,1.04628654377956e+150,0.201569668333724,0.0483524646046038
"6",0.236968533078557,0,0.641082495503784,0.236968533078557,0,0.641082495503784,0.49927936112755,0.323465995506614,0.729484445699286,0.49927936112755,0.323465995506614,0.729484445699286,1.78263058799835,496161015679956,3.74517245540995,0.163544458102435
"60",0.17509574739604,-0.049584949057469,0.642564788568764,0.17509574739604,-0.049584949057469,0.642564788568764,0.471591175150389,0.278286192695725,0.78563974934165,0.471591175150389,0.278286192695725,0.78563974934165,1.10944892289605,6.53786552249557e+29,3.29023366916673,0.176572055171886
"61",-0.522507778669369,-1.11540113032555,0,-0.522507778669369,-1.11540113032555,0,0.889328006342467,0.534046325711955,1.47579950911315,0.889328006342467,0.534046325711955,1.47579950911315,5.43149302773274,1.60523289907663e+35,0.309155982241613,0.284546333280532
"62",0.530599036728991,-0.279936097790055,1.37103023747892,0.530599036728991,-0.279936097790055,1.37103023747892,0.703453245802786,0,2.1504336738241,0.703453245802786,0,2.1504336738241,2.59139760152253,10.6509404139358,0.709735989867439,0.421172620591905
"63",0.11303305158383,-0.133522288720998,0.612063491939358,0.11303305158383,-0.133522288720998,0.612063491939358,0.59565347354932,0.340541799666894,0.975729547759465,0.59565347354932,0.340541799666894,0.975729547759465,0.743042463011708,4087733045308.34,6.45389660550468,0.190203949292294
"64",0.122638225653027,-0.195428929107072,0.618429743634255,0.122638225653027,-0.195428929107072,0.618429743634255,0.552210329067936,0.324243557466983,0.878359831097677,0.552210329067936,0.324243557466983,0.878359831097677,0.854762486159027,494431726375484,9.82584485506398,0.207620823433732
"65",-0.0164661021440331,-0.387611089850555,0.237547728038164,-0.0164661021440331,-0.387611089850555,0.237547728038164,0.700062795549887,0.395584403581139,1.20918571737699,0.700062795549887,0.395584403581139,1.20918571737699,0.325986809934739,9.98929257661368e+53,0.264477212550512,0.159482220800967
"66",-0.0239680287408107,-0.240657985252676,0.00726609706973932,-0.0239680287408107,-0.240657985252676,0.00726609706973932,0.333965726844629,0.179056739576138,0.56877689937029,0.333965726844629,0.179056739576138,0.56877689937029,0.258452290571533,42419799652470112,0.208913891506949,0.0632471015482961
"67",-0.355690845946771,-1.2772358793611,0.554889670709565,-0.355690845946771,-1.2772358793611,0.554889670709565,0.774755225814093,0,2.53654852363926,0.774755225814093,0,2.53654852363926,1.65270937202663,9.22052353366396,0.735307519306053,0.467387555210769
"68",0.273717610247872,-0.202160706791556,0.953807440133285,0.273717610247872,-0.202160706791556,0.953807440133285,1.02207370251156,0.642014392189396,1.57550177263405,1.02207370251156,0.642014392189396,1.57550177263405,1.53938695449371,3.14071894568455e+64,1.13007879488631,0.294895252168655
"69",0.515445632697963,-0.205777901239192,1.273262910991,0.515445632697963,-0.205777901239192,1.273262910991,1.0581899517836,0.646654872682356,1.66654274004738,1.0581899517836,0.646654872682356,1.66654274004738,2.94830100888288,1.25561183854359e+26,1.53313319102615,0.377313262870307
"7",-0.0488141278797235,-0.543020873554222,0.220645396790502,-0.0488141278797235,-0.543020873554222,0.220645396790502,2.44584916144186,2.04887210636651,2.92309477749592,2.44584916144186,2.04887210636651,2.92309477749592,0.428578569284289,Inf,0.0912097610746228,0.19481640386467
"70",0.192479914701802,0,0.506237020119658,0.192479914701802,0,0.506237020119658,0.392623266195463,0.255570964926834,0.587789085637723,0.392623266195463,0.255570964926834,0.587789085637723,1.72647948250161,3493795981994255872,1.86822088368559,0.129144470029243
"71",-0.09514192489214,-0.415579672487239,0,-0.09514192489214,-0.415579672487239,0,0.446143415430589,0.283048616504578,0.674101259922884,0.446143415430589,0.283048616504578,0.674101259922884,0.857200944287166,1156518858084750592,0.244779392020478,0.106017170663665
"72",-0.0624106594196437,-0.243198067141995,0,-0.0624106594196437,-0.243198067141995,0,0.359098368092003,0.269537220068525,0.475953331892278,0.359098368092003,0.269537220068525,0.475953331892278,0.856206172737775,2.41030642607928e+90,0.129394255419434,0.0620414632769558
"73",-0.279255361960085,-0.521602248503402,0,-0.279255361960085,-0.521602248503402,0,0.397356162099574,0.257051552724847,0.613767247520093,0.397356162099574,0.257051552724847,0.613767247520093,9.02514135751595,4.58169627493307e+27,0.267894756021798,0.133064243174297
"74",-0.10752397241006,-0.15306743952178,-0.0628298383319361,-0.10752397241006,-0.15306743952178,-0.0628298383319361,0.245998409604706,0.212048474756031,0.284357737718219,0.245998409604706,0.212048474756031,0.284357737718219,2079.03660164259,Inf,0.0305068887622368,0.0230202192238292
"75",-0.000713271662163719,-0.095409463754978,0.08999556071549,-0.000713271662163719,-0.095409463754978,0.08999556071549,0.42085173659619,0.269203153963866,0.630605766125276,0.42085173659619,0.269203153963866,0.630605766125276,0.146237210486687,12155877053.0541,0.340711761204961,0.0472980692331388
"76",-0.0348237369667098,-0.174884890850968,0,-0.0348237369667098,-0.174884890850968,0,0.175543701460208,0.121648046175,0.242872053483672,0.175543701460208,0.121648046175,0.242872053483672,0.551877350245802,3.47542601659007e+30,0.440459596910875,0.0446143123624817
"77",0.0513164696526876,0,0.196018633859747,0.0513164696526876,0,0.196018633859747,0.189410602503725,0.088372866535848,0.307966643669931,0.189410602503725,0.088372866535848,0.307966643669931,0.747941977890308,9126305.53981745,0.838780738418885,0.0500056724016149
"78",0.11241351077628,-0.115814974381515,0.54348045245063,0.11241351077628,-0.115814974381515,0.54348045245063,0.947530190308651,0.792640234737307,1.11005536626707,0.947530190308651,0.792640234737307,1.11005536626707,0.655796837519761,1.66469674068646e+238,3.48711149475697,0.168190699429322
"79",0.205208887349155,-0.0356313970769397,0.620620873571212,0.205208887349155,-0.0356313970769397,0.620620873571212,0.507506139901052,0.301165569637411,0.822513261755123,0.507506139901052,0.301165569637411,0.822513261755123,1.60362047400141,59005684627542114304,0.845147613754614,0.167414369811024
"8",0.00635641544609491,-0.251017698470414,0.306729410330947,0.00635641544609491,-0.251017698470414,0.306729410330947,0.460655792905292,0.167114985106504,1.01240396683518,0.460655792905292,0.167114985106504,1.01240396683518,0.29213897384686,416.699680108582,0.43372322493523,0.142285040235637
"80",0.208582506927836,0,0.616488346747992,0.208582506927836,0,0.616488346747992,0.479893865119757,0.173810817926991,0.866104922343464,0.479893865119757,0.173810817926991,0.866104922343464,1.67034508559587,164.528853058248,0.577904130472369,0.157270325274029
"81",0.0261896181904414,-0.0555600413096593,0.278514458983198,0.0261896181904414,-0.0555600413096593,0.278514458983198,0.328922273147028,0.17915370050229,0.594561636374293,0.328922273147028,0.17915370050229,0.594561636374293,0.294987293796455,2654463376.0568,0.60590634532799,0.0852246528323975
"82",0.228511082144931,-0.21625747564124,0.894587942371865,0.228511082144931,-0.21625747564124,0.894587942371865,0.585900540867229,0.137723198011747,1.34973746554812,0.585900540867229,0.137723198011747,1.34973746554812,1.2695688770806,84.235361620913,0.747326140882906,0.283384140416689
"83",0.246243130393686,-0.352315872646851,0.998522130125876,0.246243130393686,-0.352315872646851,0.998522130125876,1.43529938222765,1.08189920291051,1.92951509192884,1.43529938222765,1.08189920291051,1.92951509192884,1.34301164804128,7.04271404949925e+249,1.9880351116212,0.344607863569934
"84",0.113044109642994,-0.478394831831517,0.988200189657535,0.113044109642994,-0.478394831831517,0.988200189657535,1.64316544782491,0.977501887306259,2.73243031307032,1.64316544782491,0.977501887306259,2.73243031307032,0.7515219821042,2.04963274688017e+23,0.631704609118384,0.374138257911208
"85",0.0535231507146543,-0.284573630511528,0.58463724642423,0.0535231507146543,-0.284573630511528,0.58463724642423,0.844964759920201,0.465182619828959,1.44806921807033,0.844964759920201,0.465182619828959,1.44806921807033,0.495664545727307,47896166.7544498,0.691169392443198,0.221741543158952
"86",0.253524463009917,0,0.415650224444212,0.253524463009917,0,0.415650224444212,0.682293605972119,0.583278933084176,0.799422894407731,0.682293605972119,0.583278933084176,0.799422894407731,13.8652111422751,Inf,0.209528236979134,0.106035168942595
"87",0.193004483824884,0,0.334288729414633,0.193004483824884,0,0.334288729414633,0.676068638306507,0.5898732977118,0.774599169661621,0.676068638306507,0.5898732977118,0.774599169661621,8.30531781648768,Inf,0.267219346207405,0.0852793041227951
"88",-0.259138800811864,-0.391763950536465,-0.121843462827478,-0.259138800811864,-0.391763950536465,-0.121843462827478,0.489929333562161,0.393438259351924,0.609436448198225,0.489929333562161,0.393438259351924,0.609436448198225,150.339672462575,Inf,0.0636799276814701,0.0688585325643954
"89",0.263874033336774,0,0.750126182904693,0.263874033336774,0,0.750126182904693,1.12765165873358,0.869737210532663,1.46632469847751,1.12765165873358,0.869737210532663,1.46632469847751,1.92883777872843,Inf,0.441897703395674,0.191362236454749
"9",-0.0259545540560396,-0.549650411794749,0.358782857014455,-0.0259545540560396,-0.549650411794749,0.358782857014455,0.704932256986781,0.350339323745097,1.39688593098079,0.704932256986781,0.350339323745097,1.39688593098079,0.434196535178099,1517956385333.75,0.349923967564646,0.231747439232254
"90",-0.0238933212903132,-0.27003858212778,0.0406893702490838,-0.0238933212903132,-0.27003858212778,0.0406893702490838,0.828275118748962,0.658786380421977,1.04215011112901,0.828275118748962,0.658786380421977,1.04215011112901,0.265246945423629,Inf,0.0764291669311341,0.0792687913726594
"91",0.391927729710142,-0.189350262326642,1.22196961797115,0.391927729710142,-0.189350262326642,1.22196961797115,0.99412861355726,0.462971820983306,1.77923189513509,0.99412861355726,0.462971820983306,1.77923189513509,2.01516473901473,848.763355378273,1.64795627768853,0.360037197476614
"92",-0.187130346313545,-0.826987595261053,0.0350703587669928,-0.187130346313545,-0.826987595261053,0.0350703587669928,0.596930033895311,0.20957259262481,1.10387060567708,0.596930033895311,0.20957259262481,1.10387060567708,1.03144282115267,136.212155287087,0.481750268906281,0.219916784397022
"93",-0.473472656208432,-0.972063952325356,0,-0.473472656208432,-0.972063952325356,0,0.687140171392834,0.399197023971171,1.19271439589013,0.687140171392834,0.399197023971171,1.19271439589013,6.03693752851322,3.98146753602254e+80,0.230081499459198,0.247980054733881
"94",-0.175626113723813,-0.273991421074242,-0.00136290506716694,-0.175626113723813,-0.273991421074242,-0.00136290506716694,0.304391930709748,0.233806984160703,0.395335956099601,0.304391930709748,0.233806984160703,0.395335956099601,39.9575270207312,7.43030359201723e+200,0.0918456131359674,0.069549368804104
"95",0.280254804298894,0,0.74338608192922,0.280254804298894,0,0.74338608192922,0.877921374447139,0.702740561591772,1.0931146766313,0.877921374447139,0.702740561591772,1.0931146766313,1.93944223281997,6.32033213981538e+202,2.61444048188422,0.189642791345391
"96",0.0300167632815278,-1.087401792021,1.19626289912933,0.0300167632815278,-1.087401792021,1.19626289912933,3.97822550948392,3.0940512771819,5.14406524714559,3.97822550948392,3.0940512771819,5.14406524714559,0.928383503016865,Inf,589.83807209497,0.582578228264292
"97",0.0851317446492485,-0.0218587283327709,0.442564937860756,0.0851317446492485,-0.0218587283327709,0.442564937860756,0.548923462991839,0.407518309908241,0.758388751199181,0.548923462991839,0.407518309908241,0.758388751199181,0.643592028164834,4.26970310418898e+228,14.7274217150732,0.118477602103111
"98",0.0273534679136887,-0.190524038252922,0.396176116376398,0.0273534679136887,-0.190524038252922,0.396176116376398,0.676648645562318,0.540863248483231,0.826245548584353,0.676648645562318,0.540863248483231,0.826245548584353,0.345949236579947,Inf,16.4279528533204,0.149671157035827
"99",-0.0659272863343424,-0.479766782363112,0.0494320219670814,-0.0659272863343424,-0.479766782363112,0.0494320219670814,0.727040338334409,0.499898717630282,1.08380499528748,0.727040338334409,0.499898717630282,1.08380499528748,0.466580774119539,Inf,0.289178500274135,0.135002175678851
